name;frameIndex;frameTime;pcm_fftMag[0];pcm_fftMag[1];pcm_fftMag[2];pcm_fftMag[3];pcm_fftMag[4];pcm_fftMag[5];pcm_fftMag[6];pcm_fftMag[7];pcm_fftMag[8];pcm_fftMag[9];pcm_fftMag[10];pcm_fftMag[11];pcm_fftMag[12];pcm_fftMag[13];pcm_fftMag[14];pcm_fftMag[15];pcm_fftMag[16];pcm_fftMag[17];pcm_fftMag[18];pcm_fftMag[19];pcm_fftMag[20];pcm_fftMag[21];pcm_fftMag[22];pcm_fftMag[23];pcm_fftMag[24];pcm_fftMag[25];pcm_fftMag[26];pcm_fftMag[27];pcm_fftMag[28];pcm_fftMag[29];pcm_fftMag[30];pcm_fftMag[31];pcm_fftMag[32]
'test/1khz.wav';0;0.000000;2.501355e-03;2.593649e-03;4.414261e-03;6.796888e-03;1.186498e-02;2.304970e-02;6.347384e-02;5.950284e+00;1.368039e+01;5.950122e+00;6.370711e-02;2.355956e-02;1.235338e-02;7.709333e-03;5.132264e-03;3.820439e-03;2.756116e-03;2.312987e-03;1.705814e-03;1.610769e-03;1.208178e-03;1.342253e-03;1.447967e-03;7.011019e-02;1.628496e-01;7.022385e-02;1.085920e-03;8.700015e-04;3.752826e-04;6.996035e-04;2.146980e-04;6.562428e-04;1.641641e-04
'test/1khz.wav';1;0.008000;2.281868e-03;2.814846e-03;4.295012e-03;6.912884e-03;1.182085e-02;2.311261e-02;6.346240e-02;5.950264e+00;1.368039e+01;5.950143e+00;6.371357e-02;2.350450e-02;1.236925e-02;7.629622e-03;5.166981e-03;3.727159e-03;2.818351e-03;2.213648e-03;1.797426e-03;1.507857e-03;1.318412e-03;1.245171e-03;1.523471e-03;7.008795e-02;1.628502e-01;7.024248e-02;1.160736e-03;6.777844e-04;5.282806e-04;4.545654e-04;4.127935e-04;3.902373e-04;3.836512e-04
'test/1khz.wav';2;0.016000;2.257347e-03;2.790838e-03;4.270886e-03;6.888386e-03;1.179723e-02;2.309201e-02;6.344704e-02;5.950273e+00;1.368039e+01;5.950134e+00;6.372923e-02;2.352569e-02;1.239340e-02;7.653761e-03;5.188105e-03;3.742681e-03;2.826278e-03;2.212990e-03;1.788285e-03;1.491259e-03;1.296387e-03;1.220639e-03;1.501714e-03;7.009599e-02;1.628501e-01;7.023392e-02;1.168665e-03;6.880808e-04;5.424766e-04;4.728390e-04;4.343956e-04;4.140149e-04;4.081726e-04
'test/1khz.wav';3;0.024000;2.435378e-03;2.643127e-03;4.306367e-03;7.016440e-03;1.162581e-02;2.313037e-02;6.358587e-02;5.950434e+00;1.368039e+01;5.949973e+00;6.359234e-02;2.348077e-02;1.256877e-02;7.553631e-03;5.100177e-03;3.919911e-03;2.773145e-03;2.088307e-03;1.954996e-03;1.493137e-03;1.139542e-03;1.357293e-03;1.592262e-03;7.025644e-02;1.628507e-01;7.007265e-02;1.002534e-03;7.656700e-04;6.638511e-04;2.955509e-04;5.401253e-04;5.286427e-04;2.301418e-04
'test/1khz.wav';4;0.032000;2.669077e-03;2.451206e-03;4.498831e-03;6.951001e-03;1.157438e-02;2.330926e-02;6.337515e-02;5.950289e+00;1.368039e+01;5.950118e+00;6.380387e-02;2.330725e-02;1.260355e-02;7.671637e-03;4.889287e-03;4.104181e-03;2.719560e-03;2.014310e-03;2.142894e-03;1.300387e-03;1.249062e-03;1.420249e-03;1.378762e-03;7.011292e-02;1.628499e-01;7.021834e-02;1.197581e-03;5.390665e-04;8.052764e-04;3.076909e-04;5.610308e-04;7.172946e-04;3.557652e-06
'test/1khz.wav';5;0.040000;2.303154e-03;2.835925e-03;4.308638e-03;6.905702e-03;1.178503e-02;2.305438e-02;6.340150e-02;5.950303e+00;1.368039e+01;5.950103e+00;6.377484e-02;2.356216e-02;1.240144e-02;7.629121e-03;5.143778e-03;3.702332e-03;2.811626e-03;2.231796e-03;1.830391e-03;1.534492e-03;1.317334e-03;1.205785e-03;1.458046e-03;7.012655e-02;1.628500e-01;7.020292e-02;1.210150e-03;7.338162e-04;5.799669e-04;4.892055e-04;4.228582e-04;3.780517e-04;3.623657e-04
'test/1khz.wav';6;0.048000;2.176129e-03;2.877483e-03;4.305857e-03;6.714955e-03;1.174820e-02;2.325503e-02;6.351481e-02;5.950367e+00;1.368039e+01;5.950039e+00;6.366371e-02;2.335993e-02;1.242743e-02;7.830288e-03;5.207986e-03;3.639098e-03;2.853880e-03;2.290480e-03;1.688739e-03;1.355836e-03;1.390017e-03;1.393398e-03;1.519533e-03;7.019052e-02;1.628504e-01;7.013885e-02;1.066925e-03;6.020326e-04;7.027087e-04;5.997498e-04;3.348480e-04;3.729888e-04;4.893902e-04
'test/1khz.wav';7;0.056000;2.496036e-03;2.604608e-03;4.472689e-03;6.835425e-03;1.176536e-02;2.328889e-02;6.324948e-02;5.950121e+00;1.368039e+01;5.950285e+00;6.392682e-02;2.333451e-02;1.240830e-02;7.747613e-03;4.959834e-03;3.916712e-03;2.757434e-03;2.134518e-03;1.996647e-03;1.309252e-03;1.424866e-03;1.333726e-03;1.321100e-03;6.994562e-02;1.628497e-01;7.038733e-02;1.355481e-03;4.637047e-04;7.154616e-04;4.295603e-04;4.094399e-04;5.756498e-04;1.694836e-04
'test/1khz.wav';8;0.064000;2.490373e-03;2.671368e-03;4.235317e-03;7.053792e-03;1.157290e-02;2.331985e-02;6.326561e-02;5.950173e+00;1.368039e+01;5.950234e+00;6.390872e-02;2.330047e-02;1.262295e-02;7.463541e-03;5.310019e-03;3.726852e-03;2.758848e-03;2.380443e-03;1.573828e-03;1.724036e-03;1.092406e-03;1.388603e-03;1.408632e-03;6.999514e-02;1.628509e-01;7.033269e-02;1.390574e-03;4.744913e-04;7.062177e-04;5.120134e-04;3.868091e-04;6.250166e-04;1.751465e-04
'test/1khz.wav';9;0.072000;2.177819e-03;2.925949e-03;4.018172e-03;7.097131e-03;1.189549e-02;2.278372e-02;6.364561e-02;5.950282e+00;1.368039e+01;5.950125e+00;6.352863e-02;2.382973e-02;1.233763e-02;7.409403e-03;5.429761e-03;3.685434e-03;2.853284e-03;2.178400e-03;1.658689e-03;1.814693e-03;1.183792e-03;1.057593e-03;1.747448e-03;7.010447e-02;1.628503e-01;7.022392e-02;1.055455e-03;1.005266e-03;3.338998e-04;5.789927e-04;6.482960e-04;2.619367e-04;4.877003e-04
'test/1khz.wav';10;0.080000;2.257347e-03;2.790838e-03;4.270886e-03;6.888386e-03;1.179723e-02;2.309201e-02;6.344704e-02;5.950273e+00;1.368039e+01;5.950134e+00;6.372923e-02;2.352569e-02;1.239340e-02;7.653761e-03;5.188105e-03;3.742681e-03;2.826278e-03;2.212990e-03;1.788285e-03;1.491259e-03;1.296387e-03;1.220639e-03;1.501714e-03;7.009599e-02;1.628501e-01;7.023392e-02;1.168665e-03;6.880808e-04;5.424766e-04;4.728390e-04;4.343956e-04;4.140149e-04;4.081726e-04
'test/1khz.wav';11;0.088000;2.257347e-03;2.790838e-03;4.270886e-03;6.888386e-03;1.179723e-02;2.309201e-02;6.344704e-02;5.950273e+00;1.368039e+01;5.950134e+00;6.372923e-02;2.352569e-02;1.239340e-02;7.653761e-03;5.188105e-03;3.742681e-03;2.826278e-03;2.212990e-03;1.788285e-03;1.491259e-03;1.296387e-03;1.220639e-03;1.501714e-03;7.009599e-02;1.628501e-01;7.023392e-02;1.168665e-03;6.880808e-04;5.424766e-04;4.728390e-04;4.343956e-04;4.140149e-04;4.081726e-04
'test/1khz.wav';12;0.096000;2.166538e-03;2.811267e-03;4.360255e-03;6.889730e-03;1.170977e-02;2.304296e-02;6.350398e-02;5.950187e+00;1.368039e+01;5.950219e+00;6.367128e-02;2.357149e-02;1.248284e-02;7.670392e-03;5.110032e-03;3.672859e-03;2.857274e-03;2.303805e-03;1.823556e-03;1.425256e-03;1.215655e-03;1.228034e-03;1.582688e-03;7.001025e-02;1.628499e-01;7.031927e-02;1.141661e-03;7.709471e-04;6.008699e-04;4.190271e-04;3.562930e-04;4.444847e-04;4.989818e-04
'test/1khz.wav';13;0.104000;2.337951e-03;2.858870e-03;4.286070e-03;6.831181e-03;1.171959e-02;2.307511e-02;6.350987e-02;5.950200e+00;1.368039e+01;5.950207e+00;6.366722e-02;2.354641e-02;1.247279e-02;7.700035e-03;5.147718e-03;3.662445e-03;2.800945e-03;2.271841e-03;1.863505e-03;1.497365e-03;1.224658e-03;1.162409e-03;1.540823e-03;7.002345e-02;1.628503e-01;7.030692e-02;1.092984e-03;6.658030e-04;5.939014e-04;5.532915e-04;4.769656e-04;3.785537e-04;3.275689e-04
'test/1khz.wav';14;0.112000;2.196275e-03;2.739785e-03;4.268612e-03;6.953904e-03;1.188012e-02;2.311266e-02;6.338634e-02;5.950345e+00;1.368039e+01;5.950062e+00;6.378946e-02;2.350251e-02;1.231063e-02;7.604107e-03;5.224803e-03;3.817291e-03;2.846842e-03;2.148039e-03;1.706180e-03;1.482193e-03;1.361021e-03;1.272349e-03;1.459402e-03;7.016763e-02;1.628498e-01;7.016179e-02;1.236282e-03;7.044444e-04;4.818398e-04;3.752600e-04;3.864236e-04;4.423913e-04;4.692446e-04
'test/1khz.wav';15;0.120000;1.846290e-03;3.068465e-03;4.281088e-03;6.598197e-03;1.219373e-02;2.282694e-02;6.348990e-02;5.950212e+00;1.368039e+01;5.950196e+00;6.368691e-02;2.379674e-02;1.198880e-02;7.946737e-03;5.160447e-03;3.597327e-03;2.986123e-03;2.199399e-03;1.839558e-03;1.281289e-03;1.674788e-03;9.333832e-04;1.528045e-03;7.003756e-02;1.628494e-01;7.029758e-02;1.116953e-03;8.837838e-04;4.453817e-04;7.023551e-04;4.623437e-04;1.263559e-04;8.192295e-04
'test/1khz.wav';16;0.128000;2.257347e-03;2.790838e-03;4.270886e-03;6.888386e-03;1.179723e-02;2.309201e-02;6.344704e-02;5.950273e+00;1.368039e+01;5.950134e+00;6.372923e-02;2.352569e-02;1.239340e-02;7.653761e-03;5.188105e-03;3.742681e-03;2.826278e-03;2.212990e-03;1.788285e-03;1.491259e-03;1.296387e-03;1.220639e-03;1.501714e-03;7.009599e-02;1.628501e-01;7.023392e-02;1.168665e-03;6.880808e-04;5.424766e-04;4.728390e-04;4.343956e-04;4.140149e-04;4.081726e-04
'test/1khz.wav';17;0.136000;2.494722e-03;2.559209e-03;4.504616e-03;6.651022e-03;1.202608e-02;2.289281e-02;6.359606e-02;5.950353e+00;1.368039e+01;5.950055e+00;6.357789e-02;2.373117e-02;1.215970e-02;7.887474e-03;4.984933e-03;3.897426e-03;2.757761e-03;2.220910e-03;1.888321e-03;1.343417e-03;1.512827e-03;9.835592e-04;1.715458e-03;7.017487e-02;1.628509e-01;7.015295e-02;1.112425e-03;8.193625e-04;4.445942e-04;6.705181e-04;2.491274e-04;6.470391e-04;1.707976e-04
'test/1khz.wav';18;0.144000;2.414750e-03;2.927621e-03;4.210811e-03;6.835993e-03;1.179356e-02;2.293543e-02;6.346181e-02;5.949956e+00;1.368039e+01;5.950450e+00;6.371635e-02;2.367670e-02;1.239715e-02;7.747908e-03;5.214578e-03;3.466118e-03;2.778769e-03;2.530053e-03;1.837876e-03;1.307034e-03;1.292978e-03;1.190181e-03;1.475054e-03;6.977958e-02;1.628506e-01;7.054962e-02;1.122608e-03;8.950381e-04;5.447448e-04;4.282952e-04;5.409207e-04;5.389277e-04;2.507694e-04
'test/1khz.wav';19;0.152000;2.285469e-03;2.918398e-03;4.079916e-03;6.952745e-03;1.191602e-02;2.293953e-02;6.351338e-02;5.950264e+00;1.368039e+01;5.950142e+00;6.366109e-02;2.369856e-02;1.225610e-02;7.582003e-03;5.481732e-03;3.472114e-03;2.817204e-03;2.530475e-03;1.433681e-03;1.569528e-03;1.550975e-03;9.155716e-04;1.618674e-03;7.008979e-02;1.628495e-01;7.024387e-02;1.160082e-03;7.417458e-04;6.585540e-04;4.614068e-04;5.453532e-04;5.460979e-04;3.800508e-04
'test/1khz.wav';20;0.160000;2.257347e-03;2.790838e-03;4.270886e-03;6.888386e-03;1.179723e-02;2.309201e-02;6.344704e-02;5.950273e+00;1.368039e+01;5.950134e+00;6.372923e-02;2.352569e-02;1.239340e-02;7.653761e-03;5.188105e-03;3.742681e-03;2.826278e-03;2.212990e-03;1.788285e-03;1.491259e-03;1.296387e-03;1.220639e-03;1.501714e-03;7.009599e-02;1.628501e-01;7.023392e-02;1.168665e-03;6.880808e-04;5.424766e-04;4.728390e-04;4.343956e-04;4.140149e-04;4.081726e-04
'test/1khz.wav';21;0.168000;2.482796e-03;2.702750e-03;4.106919e-03;7.013079e-03;1.192127e-02;2.300893e-02;6.337563e-02;5.950223e+00;1.368039e+01;5.950183e+00;6.379971e-02;2.361366e-02;1.228115e-02;7.506997e-03;5.303131e-03;3.943082e-03;2.760757e-03;1.997258e-03;1.820533e-03;1.680279e-03;1.327888e-03;1.095141e-03;1.463916e-03;7.004748e-02;1.628500e-01;7.028341e-02;1.257492e-03;7.182676e-04;3.802849e-04;5.084876e-04;6.433545e-04;4.684346e-04;1.827235e-04
'test/1khz.wav';22;0.176000;2.123321e-03;2.713503e-03;4.300649e-03;6.995838e-03;1.188924e-02;2.307869e-02;6.333113e-02;5.950385e+00;1.368039e+01;5.950022e+00;6.384446e-02;2.353748e-02;1.230481e-02;7.563422e-03;5.177553e-03;3.798091e-03;2.872916e-03;2.205125e-03;1.763034e-03;1.510972e-03;1.347552e-03;1.230391e-03;1.415951e-03;7.020871e-02;1.628500e-01;7.012167e-02;1.292873e-03;7.181078e-04;4.528367e-04;3.419230e-04;3.816786e-04;4.881206e-04;5.421987e-04
'test/1khz.wav';23;0.184000;2.025894e-03;2.934376e-03;4.285350e-03;6.811843e-03;1.198306e-02;2.302495e-02;6.325527e-02;5.950152e+00;1.368039e+01;5.950255e+00;6.391951e-02;2.360456e-02;1.220882e-02;7.711252e-03;5.228508e-03;3.540497e-03;2.910226e-03;2.392536e-03;1.673907e-03;1.523331e-03;1.437888e-03;1.048211e-03;1.378953e-03;6.997588e-02;1.628498e-01;7.035594e-02;1.385215e-03;6.698165e-04;4.092402e-04;6.004574e-04;3.528094e-04;4.036651e-04;6.396257e-04
'test/1khz.wav';24;0.192000;2.213186e-03;2.826539e-03;4.366138e-03;6.774398e-03;1.167000e-02;2.330449e-02;6.353924e-02;5.950553e+00;1.368039e+01;5.949853e+00;6.363411e-02;2.331945e-02;1.253794e-02;7.745861e-03;5.074742e-03;3.754793e-03;2.841031e-03;2.160982e-03;1.899434e-03;1.512932e-03;1.092028e-03;1.343168e-03;1.698181e-03;7.037763e-02;1.628495e-01;6.995320e-02;1.196874e-03;4.451264e-04;5.812636e-04;6.380204e-04;4.193274e-04;3.576979e-04;4.523341e-04
'test/1khz.wav';25;0.200000;2.019972e-03;3.023367e-03;4.037581e-03;7.125751e-03;1.156872e-02;2.329193e-02;6.329855e-02;5.950192e+00;1.368039e+01;5.950214e+00;6.388109e-02;2.332081e-02;1.262724e-02;7.420273e-03;5.394070e-03;3.596958e-03;2.912583e-03;2.230443e-03;1.715479e-03;1.660004e-03;1.088709e-03;1.457819e-03;1.296221e-03;7.001825e-02;1.628496e-01;7.031584e-02;1.267579e-03;6.230922e-04;7.096418e-04;3.320472e-04;6.542385e-04;1.919759e-04;6.455477e-04
'test/1khz.wav';26;0.208000;2.203925e-03;2.781672e-03;4.314929e-03;6.937951e-03;1.181166e-02;2.306161e-02;6.339393e-02;5.950313e+00;1.368039e+01;5.950094e+00;6.378242e-02;2.355812e-02;1.238424e-02;7.608857e-03;5.136412e-03;3.717743e-03;2.844203e-03;2.262042e-03;1.837408e-03;1.510103e-03;1.273605e-03;1.170552e-03;1.450800e-03;7.013594e-02;1.628503e-01;7.019468e-02;1.217078e-03;6.931060e-04;5.005048e-04;4.224730e-04;4.213925e-04;4.477132e-04;4.615949e-04
'test/1khz.wav';27;0.216000;2.237815e-03;2.774776e-03;4.259805e-03;6.880787e-03;1.179201e-02;2.308853e-02;6.344493e-02;5.950274e+00;1.368039e+01;5.950133e+00;6.373104e-02;2.352831e-02;1.239681e-02;7.657939e-03;5.193044e-03;3.748381e-03;2.832728e-03;2.220174e-03;1.796156e-03;1.499717e-03;1.305163e-03;1.229036e-03;1.507641e-03;7.009710e-02;1.628502e-01;7.023308e-02;1.177225e-03;7.012583e-04;5.583109e-04;4.903849e-04;4.530584e-04;4.333344e-04;4.277045e-04
'test/1khz.wav';28;0.224000;2.257347e-03;2.790838e-03;4.270886e-03;6.888386e-03;1.179723e-02;2.309201e-02;6.344704e-02;5.950273e+00;1.368039e+01;5.950134e+00;6.372923e-02;2.352569e-02;1.239340e-02;7.653761e-03;5.188105e-03;3.742681e-03;2.826278e-03;2.212990e-03;1.788285e-03;1.491259e-03;1.296387e-03;1.220639e-03;1.501714e-03;7.009599e-02;1.628501e-01;7.023392e-02;1.168665e-03;6.880808e-04;5.424766e-04;4.728390e-04;4.343956e-04;4.140149e-04;4.081726e-04
'test/1khz.wav';29;0.232000;2.257347e-03;2.790838e-03;4.270886e-03;6.888386e-03;1.179723e-02;2.309201e-02;6.344704e-02;5.950273e+00;1.368039e+01;5.950134e+00;6.372923e-02;2.352569e-02;1.239340e-02;7.653761e-03;5.188105e-03;3.742681e-03;2.826278e-03;2.212990e-03;1.788285e-03;1.491259e-03;1.296387e-03;1.220639e-03;1.501714e-03;7.009599e-02;1.628501e-01;7.023392e-02;1.168665e-03;6.880808e-04;5.424766e-04;4.728390e-04;4.343956e-04;4.140149e-04;4.081726e-04
'test/1khz.wav';30;0.240000;2.232826e-03;2.766848e-03;4.246764e-03;6.863829e-03;1.177360e-02;2.307137e-02;6.343167e-02;5.950281e+00;1.368039e+01;5.950126e+00;6.374489e-02;2.354691e-02;1.241755e-02;7.677901e-03;5.209257e-03;3.758302e-03;2.834395e-03;2.212597e-03;1.779436e-03;1.474918e-03;1.274453e-03;1.196162e-03;1.480046e-03;7.010421e-02;1.628500e-01;7.022561e-02;1.177054e-03;6.990290e-04;5.573903e-04;4.916232e-04;4.562929e-04;4.378796e-04;4.326940e-04
'test/1khz.wav';31;0.248000;2.043179e-03;3.001689e-03;4.096562e-03;6.971542e-03;1.185644e-02;2.291632e-02;6.365995e-02;5.950417e+00;1.368039e+01;5.949990e+00;6.351598e-02;2.369639e-02;1.235802e-02;7.540181e-03;5.395677e-03;3.555382e-03;2.903403e-03;2.307246e-03;1.594135e-03;1.694453e-03;1.216684e-03;1.165081e-03;1.707370e-03;7.023899e-02;1.628508e-01;7.008959e-02;9.798297e-04;9.019753e-04;3.914223e-04;5.773557e-04;5.390916e-04;2.725997e-04;6.223402e-04
'test/1khz.wav';32;0.256000;2.156026e-03;2.724002e-03;4.322327e-03;6.866582e-03;1.169965e-02;2.321245e-02;6.347980e-02;5.950524e+00;1.368039e+01;5.949883e+00;6.369585e-02;2.341814e-02;1.249320e-02;7.636400e-03;5.143108e-03;3.960842e-03;2.861026e-03;1.954263e-03;1.808117e-03;1.677306e-03;1.206403e-03;1.212282e-03;1.548196e-03;7.034834e-02;1.628498e-01;6.998270e-02;1.152323e-03;4.846726e-04;6.081425e-04;6.844925e-04;3.887593e-04;4.555483e-04;5.094934e-04
'test/1khz.wav';33;0.264000;2.257347e-03;2.790838e-03;4.270886e-03;6.888386e-03;1.179723e-02;2.309201e-02;6.344704e-02;5.950273e+00;1.368039e+01;5.950134e+00;6.372923e-02;2.352569e-02;1.239340e-02;7.653761e-03;5.188105e-03;3.742681e-03;2.826278e-03;2.212990e-03;1.788285e-03;1.491259e-03;1.296387e-03;1.220639e-03;1.501714e-03;7.009599e-02;1.628501e-01;7.023392e-02;1.168665e-03;6.880808e-04;5.424766e-04;4.728390e-04;4.343956e-04;4.140149e-04;4.081726e-04
'test/1khz.wav';34;0.272000;2.123783e-03;3.070245e-03;4.109421e-03;6.915982e-03;1.177920e-02;2.289900e-02;6.372277e-02;5.950343e+00;1.368039e+01;5.950064e+00;6.345396e-02;2.371669e-02;1.243763e-02;7.588018e-03;5.354577e-03;3.475411e-03;2.872746e-03;2.370490e-03;1.670790e-03;1.703707e-03;1.139951e-03;1.097924e-03;1.748860e-03;7.016614e-02;1.628512e-01;7.016252e-02;9.018394e-04;8.776122e-04;4.600538e-04;6.550528e-04;5.522709e-04;2.794751e-04;5.417364e-04
'test/1khz.wav';35;0.280000;1.916057e-03;2.973383e-03;4.119378e-03;7.247101e-03;1.154074e-02;2.317377e-02;6.331455e-02;5.950068e+00;1.368039e+01;5.950338e+00;6.386843e-02;2.344037e-02;1.264536e-02;7.295466e-03;5.356852e-03;3.712473e-03;2.955576e-03;2.106192e-03;1.646686e-03;1.771108e-03;1.146965e-03;1.337890e-03;1.273124e-03;6.989381e-02;1.628498e-01;7.043977e-02;1.237334e-03;6.744201e-04;7.778773e-04;3.387914e-04;5.310602e-04;1.953046e-04;7.494630e-04
'test/1khz.wav';36;0.288000;2.348156e-03;2.773244e-03;4.181580e-03;6.888240e-03;1.188474e-02;2.314132e-02;6.339017e-02;5.950358e+00;1.368039e+01;5.950048e+00;6.378726e-02;2.348015e-02;1.230398e-02;7.638160e-03;5.266586e-03;3.813392e-03;2.797887e-03;2.122170e-03;1.757005e-03;1.559752e-03;1.378374e-03;1.219991e-03;1.421929e-03;7.018176e-02;1.628504e-01;7.014859e-02;1.201939e-03;6.074940e-04;4.939735e-04;5.367326e-04;5.166685e-04;4.021881e-04;3.173634e-04
'test/1khz.wav';37;0.296000;2.257347e-03;2.790838e-03;4.270886e-03;6.888386e-03;1.179723e-02;2.309201e-02;6.344704e-02;5.950273e+00;1.368039e+01;5.950134e+00;6.372923e-02;2.352569e-02;1.239340e-02;7.653761e-03;5.188105e-03;3.742681e-03;2.826278e-03;2.212990e-03;1.788285e-03;1.491259e-03;1.296387e-03;1.220639e-03;1.501714e-03;7.009599e-02;1.628501e-01;7.023392e-02;1.168665e-03;6.880808e-04;5.424766e-04;4.728390e-04;4.343956e-04;4.140149e-04;4.081726e-04
'test/1khz.wav';38;0.304000;2.554220e-03;2.473670e-03;4.348786e-03;7.116438e-03;1.166321e-02;2.303131e-02;6.345250e-02;5.950159e+00;1.368039e+01;5.950248e+00;6.372591e-02;2.360470e-02;1.249928e-02;7.480191e-03;5.150684e-03;3.959980e-03;2.743540e-03;2.224590e-03;1.750329e-03;1.504853e-03;1.612859e-03;1.012200e-03;1.461896e-03;6.998461e-02;1.628495e-01;7.035090e-02;1.128486e-03;6.509416e-04;1.031792e-03;1.568382e-04;3.156543e-04;7.320147e-04;1.112996e-04
'test/1khz.wav';39;0.312000;2.835515e-03;2.449188e-03;4.258560e-03;6.966128e-03;1.200747e-02;2.264486e-02;6.378713e-02;5.950371e+00;1.368039e+01;5.950036e+00;6.338570e-02;2.399119e-02;1.217256e-02;7.582509e-03;5.217007e-03;3.938101e-03;2.693138e-03;2.301356e-03;1.739989e-03;1.524916e-03;1.541413e-03;6.677769e-04;1.956854e-03;7.019374e-02;1.628498e-01;7.013541e-02;1.055289e-03;1.036601e-03;5.149744e-04;3.974835e-04;4.168718e-04;7.873564e-04;1.699950e-04
'test/1khz.wav';40;0.320000;2.153432e-03;2.739143e-03;4.353812e-03;7.009730e-03;1.176979e-02;2.297408e-02;6.346263e-02;5.950149e+00;1.368039e+01;5.950258e+00;6.371616e-02;2.364543e-02;1.241186e-02;7.528993e-03;5.154056e-03;3.855629e-03;2.861958e-03;2.091020e-03;1.736280e-03;1.596049e-03;1.345681e-03;1.101075e-03;1.465538e-03;6.997159e-02;1.628504e-01;7.035815e-02;1.114458e-03;7.731394e-04;6.291125e-04;4.128067e-04;3.011547e-04;4.319306e-04;5.120880e-04
'test/1khz.wav';41;0.328000;2.079316e-03;2.941828e-03;4.242585e-03;6.762653e-03;1.196884e-02;2.305501e-02;6.330840e-02;5.950112e+00;1.368039e+01;5.950295e+00;6.386632e-02;2.357182e-02;1.221811e-02;7.756697e-03;5.280573e-03;3.565654e-03;2.889421e-03;2.344661e-03;1.623980e-03;1.510482e-03;1.458106e-03;1.095871e-03;1.427723e-03;6.993584e-02;1.628497e-01;7.039539e-02;1.337861e-03;6.512564e-04;4.596231e-04;6.505560e-04;3.860734e-04;3.558552e-04;5.862034e-04
'test/1khz.wav';42;0.336000;2.380794e-03;2.862744e-03;4.201887e-03;6.774901e-03;1.183092e-02;2.321348e-02;6.343383e-02;5.950396e+00;1.368039e+01;5.950011e+00;6.374077e-02;2.340336e-02;1.237257e-02;7.774424e-03;5.220474e-03;3.624641e-03;2.788335e-03;2.328455e-03;1.840954e-03;1.380681e-03;1.246582e-03;1.333501e-03;1.542956e-03;7.021930e-02;1.628498e-01;7.011054e-02;1.226996e-03;6.017446e-04;4.491865e-04;5.395204e-04;5.533592e-04;4.137031e-04;2.847255e-04
'test/1khz.wav';43;0.344000;2.108446e-03;2.842387e-03;4.367749e-03;6.603760e-03;1.178834e-02;2.319242e-02;6.325773e-02;5.950101e+00;1.368039e+01;5.950306e+00;6.391878e-02;2.341785e-02;1.241998e-02;7.920645e-03;5.075845e-03;3.890959e-03;2.878431e-03;1.957699e-03;1.893621e-03;1.384470e-03;1.186724e-03;1.425322e-03;1.322340e-03;6.992319e-02;1.628506e-01;7.040528e-02;1.343699e-03;7.465917e-04;4.702787e-04;7.503749e-04;4.118005e-04;3.469741e-04;5.570736e-04
'test/1khz.wav';44;0.352000;2.470201e-03;2.535315e-03;4.480454e-03;6.626461e-03;1.200242e-02;2.287223e-02;6.358063e-02;5.950361e+00;1.368039e+01;5.950046e+00;6.359350e-02;2.375246e-02;1.218384e-02;7.911643e-03;5.005782e-03;3.913914e-03;2.763974e-03;2.223147e-03;1.876844e-03;1.329641e-03;1.490173e-03;9.590894e-04;1.693086e-03;7.018294e-02;1.628508e-01;7.014472e-02;1.116033e-03;8.355741e-04;4.499170e-04;6.923459e-04;2.644363e-04;6.712926e-04;1.953189e-04
'test/1khz.wav';45;0.360000;2.142239e-03;2.885109e-03;4.360435e-03;6.772403e-03;1.176689e-02;2.322798e-02;6.346386e-02;5.950407e+00;1.368039e+01;5.950001e+00;6.371515e-02;2.338964e-02;1.241390e-02;7.781322e-03;5.151548e-03;3.608142e-03;2.865999e-03;2.332318e-03;1.732641e-03;1.361774e-03;1.351360e-03;1.336449e-03;1.463258e-03;7.022960e-02;1.628505e-01;7.010017e-02;1.110881e-03;5.796136e-04;6.387515e-04;5.315842e-04;2.911146e-04;3.962691e-04;5.232806e-04
'test/1khz.wav';46;0.368000;2.098186e-03;2.845670e-03;4.324663e-03;6.740062e-03;1.173815e-02;2.320385e-02;6.344637e-02;5.950416e+00;1.368039e+01;5.949991e+00;6.373262e-02;2.341347e-02;1.244159e-02;7.809505e-03;5.176772e-03;3.629774e-03;2.882273e-03;2.338058e-03;1.728581e-03;1.355209e-03;1.340565e-03;1.319336e-03;1.446720e-03;7.023869e-02;1.628504e-01;7.009103e-02;1.128034e-03;6.021520e-04;6.680815e-04;5.682695e-04;3.318463e-04;4.363798e-04;5.673339e-04
'test/1khz.wav';47;0.376000;2.284220e-03;2.701531e-03;4.400078e-03;6.865066e-03;1.163093e-02;2.343751e-02;6.306061e-02;5.950020e+00;1.368039e+01;5.950387e+00;6.411394e-02;2.317569e-02;1.258945e-02;7.639721e-03;5.108849e-03;3.817219e-03;2.817601e-03;2.187329e-03;1.768550e-03;1.664630e-03;9.994475e-04;1.574974e-03;1.226198e-03;6.984221e-02;1.628519e-01;7.048517e-02;1.574424e-03;5.372499e-04;6.010833e-04;6.729360e-04;2.650058e-04;4.933941e-04;3.812992e-04
'test/1khz.wav';48;0.384000;2.106190e-03;2.852340e-03;4.376164e-03;6.743909e-03;1.180144e-02;2.339958e-02;6.292219e-02;5.949859e+00;1.368039e+01;5.950548e+00;6.425126e-02;2.322108e-02;1.241359e-02;7.747215e-03;5.205710e-03;3.639963e-03;2.879273e-03;2.314291e-03;1.611888e-03;1.701911e-03;1.166780e-03;1.457321e-03;1.192342e-03;6.968147e-02;1.628511e-01;7.064578e-02;1.742925e-03;4.141299e-04;4.419298e-04;8.486617e-04;2.482933e-04;4.130862e-04;5.593300e-04
'test/1khz.wav';49;0.392000;2.257347e-03;2.790838e-03;4.270886e-03;6.888386e-03;1.179723e-02;2.309201e-02;6.344704e-02;5.950273e+00;1.368039e+01;5.950134e+00;6.372923e-02;2.352569e-02;1.239340e-02;7.653761e-03;5.188105e-03;3.742681e-03;2.826278e-03;2.212990e-03;1.788285e-03;1.491259e-03;1.296387e-03;1.220639e-03;1.501714e-03;7.009599e-02;1.628501e-01;7.023392e-02;1.168665e-03;6.880808e-04;5.424766e-04;4.728390e-04;4.343956e-04;4.140149e-04;4.081726e-04
'test/1khz.wav';50;0.400000;2.337951e-03;2.858870e-03;4.286070e-03;6.831181e-03;1.171959e-02;2.307511e-02;6.350987e-02;5.950200e+00;1.368039e+01;5.950207e+00;6.366722e-02;2.354641e-02;1.247279e-02;7.700035e-03;5.147718e-03;3.662445e-03;2.800945e-03;2.271841e-03;1.863505e-03;1.497365e-03;1.224658e-03;1.162409e-03;1.540823e-03;7.002345e-02;1.628503e-01;7.030692e-02;1.092984e-03;6.658030e-04;5.939014e-04;5.532915e-04;4.769656e-04;3.785537e-04;3.275689e-04
'test/1khz.wav';51;0.408000;1.864289e-03;2.851455e-03;4.604390e-03;6.763811e-03;1.151233e-02;2.326607e-02;6.362354e-02;5.950480e+00;1.368039e+01;5.949927e+00;6.355176e-02;2.335372e-02;1.267157e-02;7.771836e-03;4.938448e-03;3.673146e-03;2.978116e-03;2.262264e-03;1.865281e-03;1.430598e-03;1.148782e-03;1.345916e-03;1.690497e-03;7.030304e-02;1.628498e-01;7.002734e-02;1.031837e-03;5.216108e-04;8.143914e-04;5.866766e-04;1.098615e-04;3.798493e-04;8.012303e-04
'test/1khz.wav';52;0.416000;2.286248e-03;2.776911e-03;4.202907e-03;6.814322e-03;1.175937e-02;2.310182e-02;6.348477e-02;5.950242e+00;1.368039e+01;5.950165e+00;6.369170e-02;2.351453e-02;1.242692e-02;7.722929e-03;5.260953e-03;3.783595e-03;2.816956e-03;2.163512e-03;1.730852e-03;1.458411e-03;1.299419e-03;1.246541e-03;1.531246e-03;7.006449e-02;1.628499e-01;7.026488e-02;1.128632e-03;6.964123e-04;6.001396e-04;5.430627e-04;4.763314e-04;4.091598e-04;3.792717e-04
'test/1khz.wav';53;0.424000;2.228996e-03;2.775530e-03;4.276060e-03;6.908302e-03;1.182454e-02;2.311972e-02;6.346913e-02;5.950261e+00;1.368039e+01;5.950146e+00;6.370743e-02;2.349827e-02;1.236548e-02;7.630488e-03;5.173792e-03;3.739984e-03;2.835679e-03;2.232722e-03;1.814689e-03;1.519579e-03;1.321859e-03;1.239958e-03;1.515096e-03;7.008376e-02;1.628500e-01;7.024601e-02;1.141970e-03;6.613916e-04;5.261328e-04;4.716583e-04;4.481785e-04;4.385090e-04;4.365233e-04
'test/1khz.wav';54;0.432000;1.962576e-03;2.933758e-03;4.085253e-03;7.027647e-03;1.193373e-02;2.293396e-02;6.359718e-02;5.950489e+00;1.368039e+01;5.949918e+00;6.357805e-02;2.367631e-02;1.227842e-02;7.492916e-03;5.437662e-03;3.635385e-03;2.935953e-03;2.245110e-03;1.517890e-03;1.688969e-03;1.293889e-03;1.233795e-03;1.668745e-03;7.031161e-02;1.628505e-01;7.001644e-02;1.058210e-03;9.327498e-04;3.282795e-04;5.005925e-04;5.378007e-04;2.889964e-04;7.029441e-04
'test/1khz.wav';55;0.440000;2.328624e-03;2.756834e-03;4.170562e-03;6.880878e-03;1.187955e-02;2.313777e-02;6.338804e-02;5.950359e+00;1.368039e+01;5.950047e+00;6.378905e-02;2.348271e-02;1.230741e-02;7.642560e-03;5.271690e-03;3.818808e-03;2.803769e-03;2.129342e-03;1.765726e-03;1.568885e-03;1.386631e-03;1.227056e-03;1.427309e-03;7.018287e-02;1.628504e-01;7.014776e-02;1.209227e-03;6.197401e-04;5.113122e-04;5.552132e-04;5.348056e-04;4.204375e-04;3.368952e-04
'test/1khz.wav';56;0.448000;2.257347e-03;2.790838e-03;4.270886e-03;6.888386e-03;1.179723e-02;2.309201e-02;6.344704e-02;5.950273e+00;1.368039e+01;5.950134e+00;6.372923e-02;2.352569e-02;1.239340e-02;7.653761e-03;5.188105e-03;3.742681e-03;2.826278e-03;2.212990e-03;1.788285e-03;1.491259e-03;1.296387e-03;1.220639e-03;1.501714e-03;7.009599e-02;1.628501e-01;7.023392e-02;1.168665e-03;6.880808e-04;5.424766e-04;4.728390e-04;4.343956e-04;4.140149e-04;4.081726e-04
'test/1khz.wav';57;0.456000;2.559596e-03;2.749981e-03;4.031858e-03;7.014629e-03;1.199510e-02;2.286905e-02;6.332746e-02;5.949980e+00;1.368039e+01;5.950427e+00;6.384873e-02;2.374375e-02;1.220540e-02;7.553174e-03;5.370716e-03;3.742564e-03;2.742315e-03;2.255704e-03;1.802235e-03;1.498490e-03;1.400578e-03;1.128637e-03;1.394285e-03;6.980341e-02;1.628502e-01;7.052598e-02;1.283059e-03;9.395882e-04;3.390780e-04;3.028834e-04;7.124434e-04;4.752857e-04;1.059242e-04
'test/1khz.wav';58;0.464000;2.232826e-03;2.766848e-03;4.246764e-03;6.863829e-03;1.177360e-02;2.307137e-02;6.343167e-02;5.950281e+00;1.368039e+01;5.950126e+00;6.374489e-02;2.354691e-02;1.241755e-02;7.677901e-03;5.209257e-03;3.758302e-03;2.834395e-03;2.212597e-03;1.779436e-03;1.474918e-03;1.274453e-03;1.196162e-03;1.480046e-03;7.010421e-02;1.628500e-01;7.022561e-02;1.177054e-03;6.990290e-04;5.573903e-04;4.916232e-04;4.562929e-04;4.378796e-04;4.326940e-04
'test/1khz.wav';59;0.472000;2.310769e-03;2.800993e-03;4.227059e-03;6.838879e-03;1.178302e-02;2.312249e-02;6.350014e-02;5.950233e+00;1.368039e+01;5.950173e+00;6.367604e-02;2.349333e-02;1.240279e-02;7.698774e-03;5.239832e-03;3.768213e-03;2.809255e-03;2.164145e-03;1.739416e-03;1.474113e-03;1.320938e-03;1.271000e-03;1.552799e-03;7.005626e-02;1.628499e-01;7.027330e-02;1.120711e-03;6.871866e-04;5.863144e-04;5.238139e-04;4.533600e-04;3.848138e-04;3.547503e-04
'test/1khz.wav';60;0.480000;2.494722e-03;2.559209e-03;4.504616e-03;6.651022e-03;1.202608e-02;2.289281e-02;6.359606e-02;5.950353e+00;1.368039e+01;5.950055e+00;6.357789e-02;2.373117e-02;1.215970e-02;7.887474e-03;4.984933e-03;3.897426e-03;2.757761e-03;2.220910e-03;1.888321e-03;1.343417e-03;1.512827e-03;9.835592e-04;1.715458e-03;7.017487e-02;1.628509e-01;7.015295e-02;1.112425e-03;8.193625e-04;4.445942e-04;6.705181e-04;2.491274e-04;6.470391e-04;1.707976e-04
'test/1khz.wav';61;0.488000;2.201265e-03;2.747500e-03;4.281377e-03;6.970609e-03;1.189854e-02;2.312988e-02;6.339962e-02;5.950337e+00;1.368039e+01;5.950069e+00;6.377563e-02;2.348404e-02;1.228989e-02;7.583972e-03;5.208466e-03;3.807489e-03;2.845118e-03;2.155675e-03;1.723093e-03;1.507013e-03;1.391398e-03;1.305708e-03;1.488278e-03;7.016072e-02;1.628499e-01;7.016923e-02;1.237522e-03;7.109352e-04;4.874320e-04;3.740297e-04;3.802565e-04;4.364566e-04;4.642550e-04
'test/1khz.wav';62;0.496000;2.568014e-03;2.704707e-03;4.124077e-03;6.921399e-03;1.162030e-02;2.347898e-02;6.329825e-02;5.950265e+00;1.368039e+01;5.950141e+00;6.387495e-02;2.314176e-02;1.259521e-02;7.608078e-03;5.382361e-03;3.653295e-03;2.740417e-03;2.476632e-03;1.579343e-03;1.569513e-03;1.013634e-03;1.528955e-03;1.506267e-03;7.008778e-02;1.628506e-01;7.024036e-02;1.415817e-03;3.657764e-04;6.161623e-04;5.031848e-04;5.055976e-04;6.672800e-04;9.750633e-05
'test/1khz.wav';63;0.504000;2.228996e-03;2.775530e-03;4.276060e-03;6.908302e-03;1.182454e-02;2.311972e-02;6.346913e-02;5.950261e+00;1.368039e+01;5.950146e+00;6.370743e-02;2.349827e-02;1.236548e-02;7.630488e-03;5.173792e-03;3.739984e-03;2.835679e-03;2.232722e-03;1.814689e-03;1.519579e-03;1.321859e-03;1.239958e-03;1.515096e-03;7.008376e-02;1.628500e-01;7.024601e-02;1.141970e-03;6.613916e-04;5.261328e-04;4.716583e-04;4.481785e-04;4.385090e-04;4.365233e-04
'test/1khz.wav';64;0.512000;2.257347e-03;2.790838e-03;4.270886e-03;6.888386e-03;1.179723e-02;2.309201e-02;6.344704e-02;5.950273e+00;1.368039e+01;5.950134e+00;6.372923e-02;2.352569e-02;1.239340e-02;7.653761e-03;5.188105e-03;3.742681e-03;2.826278e-03;2.212990e-03;1.788285e-03;1.491259e-03;1.296387e-03;1.220639e-03;1.501714e-03;7.009599e-02;1.628501e-01;7.023392e-02;1.168665e-03;6.880808e-04;5.424766e-04;4.728390e-04;4.343956e-04;4.140149e-04;4.081726e-04
'test/1khz.wav';65;0.520000;2.191059e-03;2.835105e-03;4.384397e-03;6.914225e-03;1.173338e-02;2.306360e-02;6.351938e-02;5.950179e+00;1.368039e+01;5.950228e+00;6.365564e-02;2.355035e-02;1.245869e-02;7.646306e-03;5.089022e-03;3.657039e-03;2.848652e-03;2.304439e-03;1.833735e-03;1.442611e-03;1.237318e-03;1.252422e-03;1.604734e-03;7.000219e-02;1.628499e-01;7.032782e-02;1.135506e-03;7.617674e-04;5.842864e-04;3.982914e-04;3.362990e-04;4.224232e-04;4.744604e-04
'test/1khz.wav';66;0.528000;2.122707e-03;2.869443e-03;4.348889e-03;6.764617e-03;1.176185e-02;2.322451e-02;6.346171e-02;5.950408e+00;1.368039e+01;5.950000e+00;6.371691e-02;2.339225e-02;1.241749e-02;7.785382e-03;5.155939e-03;3.613949e-03;2.873142e-03;2.338972e-03;1.739033e-03;1.370752e-03;1.361434e-03;1.343839e-03;1.467290e-03;7.023069e-02;1.628505e-01;7.009933e-02;1.117190e-03;5.945558e-04;6.556904e-04;5.465520e-04;3.086865e-04;4.154952e-04;5.428125e-04
'test/1khz.wav';67;0.536000;2.463500e-03;2.761046e-03;4.103018e-03;7.079890e-03;1.174364e-02;2.297524e-02;6.365199e-02;5.950425e+00;1.368039e+01;5.949982e+00;6.352396e-02;2.365124e-02;1.243085e-02;7.481198e-03;5.387899e-03;3.649832e-03;2.765707e-03;2.403151e-03;1.601309e-03;1.572745e-03;1.400026e-03;1.029307e-03;1.699636e-03;7.025000e-02;1.628496e-01;7.008250e-02;9.867103e-04;7.291659e-04;7.188330e-04;2.847468e-04;5.339974e-04;5.612106e-04;2.020199e-04
'test/1khz.wav';68;0.544000;2.257347e-03;2.790838e-03;4.270886e-03;6.888386e-03;1.179723e-02;2.309201e-02;6.344704e-02;5.950273e+00;1.368039e+01;5.950134e+00;6.372923e-02;2.352569e-02;1.239340e-02;7.653761e-03;5.188105e-03;3.742681e-03;2.826278e-03;2.212990e-03;1.788285e-03;1.491259e-03;1.296387e-03;1.220639e-03;1.501714e-03;7.009599e-02;1.628501e-01;7.023392e-02;1.168665e-03;6.880808e-04;5.424766e-04;4.728390e-04;4.343956e-04;4.140149e-04;4.081726e-04
'test/1khz.wav';69;0.552000;2.581959e-03;2.663892e-03;4.425813e-03;6.741602e-03;1.178779e-02;2.303198e-02;6.353686e-02;5.950212e+00;1.368039e+01;5.950195e+00;6.364531e-02;2.357949e-02;1.243302e-02;7.757618e-03;5.088702e-03;3.739858e-03;2.737326e-03;2.366175e-03;1.776703e-03;1.627622e-03;1.130868e-03;1.275351e-03;1.497802e-03;7.003777e-02;1.628497e-01;7.029720e-02;1.017779e-03;8.309066e-04;4.464024e-04;7.799653e-04;2.389084e-04;6.224893e-04;8.356036e-05
'test/1khz.wav';70;0.560000;1.993165e-03;2.610591e-03;4.640169e-03;6.988124e-03;1.143496e-02;2.340651e-02;6.317899e-02;5.950055e+00;1.368039e+01;5.950352e+00;6.399550e-02;2.321360e-02;1.277449e-02;7.498092e-03;4.943845e-03;4.065810e-03;2.923381e-03;1.907382e-03;1.825900e-03;1.905845e-03;9.065314e-04;1.468550e-03;1.327972e-03;6.987672e-02;1.628517e-01;7.045069e-02;1.465766e-03;4.177522e-04;8.047402e-04;8.138245e-04;2.998162e-05;5.744094e-04;6.723549e-04
'test/1khz.wav';71;0.568000;2.410635e-03;2.884176e-03;4.169195e-03;6.770242e-03;1.196629e-02;2.299711e-02;6.367303e-02;5.950552e+00;1.368039e+01;5.949855e+00;6.350491e-02;2.360953e-02;1.230576e-02;7.720506e-03;5.367840e-03;3.510363e-03;2.779908e-03;2.502762e-03;1.544022e-03;1.720705e-03;1.162060e-03;1.412047e-03;1.679851e-03;7.037593e-02;1.628497e-01;6.995534e-02;9.235845e-04;1.011014e-03;3.534031e-04;8.385813e-04;4.530761e-04;5.447763e-04;2.548846e-04
'test/1khz.wav';72;0.576000;2.257347e-03;2.790838e-03;4.270886e-03;6.888386e-03;1.179723e-02;2.309201e-02;6.344704e-02;5.950273e+00;1.368039e+01;5.950134e+00;6.372923e-02;2.352569e-02;1.239340e-02;7.653761e-03;5.188105e-03;3.742681e-03;2.826278e-03;2.212990e-03;1.788285e-03;1.491259e-03;1.296387e-03;1.220639e-03;1.501714e-03;7.009599e-02;1.628501e-01;7.023392e-02;1.168665e-03;6.880808e-04;5.424766e-04;4.728390e-04;4.343956e-04;4.140149e-04;4.081726e-04
'test/1khz.wav';73;0.584000;2.257347e-03;2.790838e-03;4.270886e-03;6.888386e-03;1.179723e-02;2.309201e-02;6.344704e-02;5.950273e+00;1.368039e+01;5.950134e+00;6.372923e-02;2.352569e-02;1.239340e-02;7.653761e-03;5.188105e-03;3.742681e-03;2.826278e-03;2.212990e-03;1.788285e-03;1.491259e-03;1.296387e-03;1.220639e-03;1.501714e-03;7.009599e-02;1.628501e-01;7.023392e-02;1.168665e-03;6.880808e-04;5.424766e-04;4.728390e-04;4.343956e-04;4.140149e-04;4.081726e-04
'test/1khz.wav';74;0.592000;2.257347e-03;2.790838e-03;4.270886e-03;6.888386e-03;1.179723e-02;2.309201e-02;6.344704e-02;5.950273e+00;1.368039e+01;5.950134e+00;6.372923e-02;2.352569e-02;1.239340e-02;7.653761e-03;5.188105e-03;3.742681e-03;2.826278e-03;2.212990e-03;1.788285e-03;1.491259e-03;1.296387e-03;1.220639e-03;1.501714e-03;7.009599e-02;1.628501e-01;7.023392e-02;1.168665e-03;6.880808e-04;5.424766e-04;4.728390e-04;4.343956e-04;4.140149e-04;4.081726e-04
'test/1khz.wav';75;0.600000;2.257347e-03;2.790838e-03;4.270886e-03;6.888386e-03;1.179723e-02;2.309201e-02;6.344704e-02;5.950273e+00;1.368039e+01;5.950134e+00;6.372923e-02;2.352569e-02;1.239340e-02;7.653761e-03;5.188105e-03;3.742681e-03;2.826278e-03;2.212990e-03;1.788285e-03;1.491259e-03;1.296387e-03;1.220639e-03;1.501714e-03;7.009599e-02;1.628501e-01;7.023392e-02;1.168665e-03;6.880808e-04;5.424766e-04;4.728390e-04;4.343956e-04;4.140149e-04;4.081726e-04
'test/1khz.wav';76;0.608000;2.257347e-03;2.790838e-03;4.270886e-03;6.888386e-03;1.179723e-02;2.309201e-02;6.344704e-02;5.950273e+00;1.368039e+01;5.950134e+00;6.372923e-02;2.352569e-02;1.239340e-02;7.653761e-03;5.188105e-03;3.742681e-03;2.826278e-03;2.212990e-03;1.788285e-03;1.491259e-03;1.296387e-03;1.220639e-03;1.501714e-03;7.009599e-02;1.628501e-01;7.023392e-02;1.168665e-03;6.880808e-04;5.424766e-04;4.728390e-04;4.343956e-04;4.140149e-04;4.081726e-04
'test/1khz.wav';77;0.616000;2.494722e-03;2.559209e-03;4.504616e-03;6.651022e-03;1.202608e-02;2.289281e-02;6.359606e-02;5.950353e+00;1.368039e+01;5.950055e+00;6.357789e-02;2.373117e-02;1.215970e-02;7.887474e-03;4.984933e-03;3.897426e-03;2.757761e-03;2.220910e-03;1.888321e-03;1.343417e-03;1.512827e-03;9.835592e-04;1.715458e-03;7.017487e-02;1.628509e-01;7.015295e-02;1.112425e-03;8.193625e-04;4.445942e-04;6.705181e-04;2.491274e-04;6.470391e-04;1.707976e-04
'test/1khz.wav';78;0.624000;2.120731e-03;2.765960e-03;4.322759e-03;6.873231e-03;1.172222e-02;2.308056e-02;6.354953e-02;5.950156e+00;1.368039e+01;5.950250e+00;6.362567e-02;2.353501e-02;1.247503e-02;7.695732e-03;5.154485e-03;3.713665e-03;2.873871e-03;2.285812e-03;1.780816e-03;1.382953e-03;1.194682e-03;1.241251e-03;1.626108e-03;6.997970e-02;1.628500e-01;7.035027e-02;1.102173e-03;7.251308e-04;5.684719e-04;4.143515e-04;3.676261e-04;4.765118e-04;5.447888e-04
'test/1khz.wav';79;0.632000;1.889681e-03;2.995133e-03;4.390858e-03;6.604601e-03;1.198717e-02;2.299686e-02;6.364378e-02;5.950507e+00;1.368039e+01;5.949900e+00;6.353809e-02;2.361766e-02;1.218852e-02;7.978374e-03;5.036673e-03;3.641902e-03;2.966969e-03;2.187849e-03;1.951794e-03;1.138891e-03;1.565048e-03;1.190876e-03;1.605247e-03;7.033216e-02;1.628498e-01;7.000154e-02;9.127816e-04;8.077376e-04;5.779876e-04;6.532665e-04;4.456424e-04;1.946993e-04;7.758386e-04
'test/1khz.wav';80;0.640000;2.019972e-03;3.023367e-03;4.037581e-03;7.125751e-03;1.156872e-02;2.329193e-02;6.329855e-02;5.950192e+00;1.368039e+01;5.950214e+00;6.388109e-02;2.332081e-02;1.262724e-02;7.420273e-03;5.394070e-03;3.596958e-03;2.912583e-03;2.230443e-03;1.715479e-03;1.660004e-03;1.088709e-03;1.457819e-03;1.296221e-03;7.001825e-02;1.628496e-01;7.031584e-02;1.267579e-03;6.230922e-04;7.096418e-04;3.320472e-04;6.542385e-04;1.919759e-04;6.455477e-04
'test/1khz.wav';81;0.648000;2.051194e-03;2.835428e-03;4.441979e-03;6.697744e-03;1.185416e-02;2.321004e-02;6.324209e-02;5.950120e+00;1.368039e+01;5.950287e+00;6.393450e-02;2.340133e-02;1.235928e-02;7.828008e-03;4.988827e-03;3.844236e-03;2.900269e-03;2.025837e-03;1.979075e-03;1.435027e-03;1.219084e-03;1.416165e-03;1.306342e-03;6.994266e-02;1.628508e-01;7.038585e-02;1.357557e-03;7.072453e-04;3.960284e-04;6.715796e-04;4.210034e-04;3.360433e-04;6.143253e-04
'test/1khz.wav';82;0.656000;2.232826e-03;2.766848e-03;4.246764e-03;6.863829e-03;1.177360e-02;2.307137e-02;6.343167e-02;5.950281e+00;1.368039e+01;5.950126e+00;6.374489e-02;2.354691e-02;1.241755e-02;7.677901e-03;5.209257e-03;3.758302e-03;2.834395e-03;2.212597e-03;1.779436e-03;1.474918e-03;1.274453e-03;1.196162e-03;1.480046e-03;7.010421e-02;1.628500e-01;7.022561e-02;1.177054e-03;6.990290e-04;5.573903e-04;4.916232e-04;4.562929e-04;4.378796e-04;4.326940e-04
'test/1khz.wav';83;0.664000;2.494722e-03;2.559209e-03;4.504616e-03;6.651022e-03;1.202608e-02;2.289281e-02;6.359606e-02;5.950353e+00;1.368039e+01;5.950055e+00;6.357789e-02;2.373117e-02;1.215970e-02;7.887474e-03;4.984933e-03;3.897426e-03;2.757761e-03;2.220910e-03;1.888321e-03;1.343417e-03;1.512827e-03;9.835592e-04;1.715458e-03;7.017487e-02;1.628509e-01;7.015295e-02;1.112425e-03;8.193625e-04;4.445942e-04;6.705181e-04;2.491274e-04;6.470391e-04;1.707976e-04
'test/1khz.wav';84;0.672000;2.390911e-03;2.513903e-03;4.432776e-03;6.870281e-03;1.181966e-02;2.328517e-02;6.317130e-02;5.950202e+00;1.368039e+01;5.950205e+00;6.400451e-02;2.333482e-02;1.235325e-02;7.727504e-03;5.021681e-03;4.013150e-03;2.785445e-03;2.084204e-03;1.913190e-03;1.294713e-03;1.471897e-03;1.361151e-03;1.267018e-03;7.002627e-02;1.628495e-01;7.030565e-02;1.439374e-03;5.050417e-04;6.940041e-04;3.862537e-04;3.581876e-04;6.581999e-04;2.746087e-04
'test/1khz.wav';85;0.680000;2.443968e-03;2.745847e-03;4.091482e-03;7.072094e-03;1.173874e-02;2.297162e-02;6.364989e-02;5.950426e+00;1.368039e+01;5.949981e+00;6.352578e-02;2.365373e-02;1.243457e-02;7.485091e-03;5.392656e-03;3.656456e-03;2.770845e-03;2.410949e-03;1.610094e-03;1.578964e-03;1.411013e-03;1.036506e-03;1.704875e-03;7.025114e-02;1.628497e-01;7.008170e-02;9.968338e-04;7.377633e-04;7.363452e-04;3.037846e-04;5.492864e-04;5.805387e-04;2.215519e-04
'test/1khz.wav';86;0.688000;2.013339e-03;2.994932e-03;4.136946e-03;6.987211e-03;1.173416e-02;2.313681e-02;6.342117e-02;5.950260e+00;1.368039e+01;5.950146e+00;6.375226e-02;2.349430e-02;1.243809e-02;7.605616e-03;5.254694e-03;3.679491e-03;2.915236e-03;2.136310e-03;1.898738e-03;1.404355e-03;1.421487e-03;1.139016e-03;1.591467e-03;7.008265e-02;1.628510e-01;7.024484e-02;1.292832e-03;5.559552e-04;7.528645e-04;2.771042e-04;6.711066e-04;1.767494e-04;6.521811e-04
'test/1khz.wav';87;0.696000;2.372678e-03;2.797403e-03;4.205689e-03;6.912739e-03;1.190838e-02;2.316187e-02;6.340551e-02;5.950350e+00;1.368039e+01;5.950057e+00;6.377158e-02;2.345893e-02;1.227984e-02;7.613971e-03;5.245354e-03;3.798158e-03;2.790678e-03;2.122855e-03;1.765046e-03;1.575629e-03;1.400699e-03;1.244533e-03;1.443346e-03;7.017372e-02;1.628505e-01;7.015716e-02;1.192364e-03;5.958084e-04;4.829735e-04;5.207069e-04;4.941577e-04;3.776605e-04;2.928420e-04
'test/1khz.wav';88;0.704000;2.276879e-03;2.806943e-03;4.282027e-03;6.896032e-03;1.180248e-02;2.309551e-02;6.344915e-02;5.950272e+00;1.368039e+01;5.950135e+00;6.372742e-02;2.352308e-02;1.239002e-02;7.649631e-03;5.183234e-03;3.737075e-03;2.819949e-03;2.205955e-03;1.780593e-03;1.483012e-03;1.287847e-03;1.212500e-03;1.496018e-03;7.009489e-02;1.628500e-01;7.023477e-02;1.160371e-03;6.752114e-04;5.268905e-04;4.554552e-04;4.158126e-04;3.947165e-04;3.886407e-04
'test/1khz.wav';89;0.712000;2.276879e-03;2.806943e-03;4.282027e-03;6.896032e-03;1.180248e-02;2.309551e-02;6.344915e-02;5.950272e+00;1.368039e+01;5.950135e+00;6.372742e-02;2.352308e-02;1.239002e-02;7.649631e-03;5.183234e-03;3.737075e-03;2.819949e-03;2.205955e-03;1.780593e-03;1.483012e-03;1.287847e-03;1.212500e-03;1.496018e-03;7.009489e-02;1.628500e-01;7.023477e-02;1.160371e-03;6.752114e-04;5.268905e-04;4.554552e-04;4.158126e-04;3.947165e-04;3.886407e-04
'test/1khz.wav';90;0.720000;2.565050e-03;2.628340e-03;4.566260e-03;6.692826e-03;1.203780e-02;2.287556e-02;6.356593e-02;5.950376e+00;1.368039e+01;5.950031e+00;6.360788e-02;2.374628e-02;1.214377e-02;7.838862e-03;4.919499e-03;3.839777e-03;2.741082e-03;2.233668e-03;1.944094e-03;1.402227e-03;1.553263e-03;9.937920e-04;1.695298e-03;7.019724e-02;1.628509e-01;7.013042e-02;1.145592e-03;8.474354e-04;4.859899e-04;6.551869e-04;2.499605e-04;5.842694e-04;1.004692e-04
'test/1khz.wav';91;0.728000;2.013339e-03;2.994932e-03;4.136946e-03;6.987211e-03;1.173416e-02;2.313681e-02;6.342117e-02;5.950260e+00;1.368039e+01;5.950146e+00;6.375226e-02;2.349430e-02;1.243809e-02;7.605616e-03;5.254694e-03;3.679491e-03;2.915236e-03;2.136310e-03;1.898738e-03;1.404355e-03;1.421487e-03;1.139016e-03;1.591467e-03;7.008265e-02;1.628510e-01;7.024484e-02;1.292832e-03;5.559552e-04;7.528645e-04;2.771042e-04;6.711066e-04;1.767494e-04;6.521811e-04
'test/1khz.wav';92;0.736000;2.257347e-03;2.790838e-03;4.270886e-03;6.888386e-03;1.179723e-02;2.309201e-02;6.344704e-02;5.950273e+00;1.368039e+01;5.950134e+00;6.372923e-02;2.352569e-02;1.239340e-02;7.653761e-03;5.188105e-03;3.742681e-03;2.826278e-03;2.212990e-03;1.788285e-03;1.491259e-03;1.296387e-03;1.220639e-03;1.501714e-03;7.009599e-02;1.628501e-01;7.023392e-02;1.168665e-03;6.880808e-04;5.424766e-04;4.728390e-04;4.343956e-04;4.140149e-04;4.081726e-04
'test/1khz.wav';93;0.744000;2.317877e-03;2.927793e-03;4.005571e-03;7.216616e-03;1.142693e-02;2.338248e-02;6.345920e-02;5.950449e+00;1.368039e+01;5.949958e+00;6.371399e-02;2.326360e-02;1.273568e-02;7.372736e-03;5.535177e-03;3.429815e-03;2.807059e-03;2.600028e-03;1.429287e-03;1.610155e-03;1.485771e-03;1.310627e-03;1.641850e-03;7.026995e-02;1.628518e-01;7.005721e-02;1.277453e-03;3.093020e-04;1.162404e-03;1.230792e-04;6.168762e-04;6.091242e-04;3.476422e-04
'test/1khz.wav';94;0.752000;2.142004e-03;2.824245e-03;4.353142e-03;6.698664e-03;1.194125e-02;2.325879e-02;6.318524e-02;5.950206e+00;1.368039e+01;5.950202e+00;6.399255e-02;2.335525e-02;1.226961e-02;7.813672e-03;5.067783e-03;3.917527e-03;2.866084e-03;1.935175e-03;1.944059e-03;1.510830e-03;1.305932e-03;1.410536e-03;1.224639e-03;7.002836e-02;1.628512e-01;7.030047e-02;1.395821e-03;6.176219e-04;3.264467e-04;7.279107e-04;4.785557e-04;3.712983e-04;5.235160e-04
'test/1khz.wav';95;0.760000;2.079316e-03;2.941828e-03;4.242585e-03;6.762653e-03;1.196884e-02;2.305501e-02;6.330840e-02;5.950112e+00;1.368039e+01;5.950295e+00;6.386632e-02;2.357182e-02;1.221811e-02;7.756697e-03;5.280573e-03;3.565654e-03;2.889421e-03;2.344661e-03;1.623980e-03;1.510482e-03;1.458106e-03;1.095871e-03;1.427723e-03;6.993584e-02;1.628497e-01;7.039539e-02;1.337861e-03;6.512564e-04;4.596231e-04;6.505560e-04;3.860734e-04;3.558552e-04;5.862034e-04
'test/1khz.wav';96;0.768000;1.999800e-03;2.899744e-03;4.294900e-03;6.702460e-03;1.199823e-02;2.284364e-02;6.361347e-02;5.950381e+00;1.368039e+01;5.950026e+00;6.356581e-02;2.377223e-02;1.218812e-02;7.870358e-03;5.095596e-03;3.787295e-03;2.920690e-03;2.056071e-03;1.999006e-03;1.242414e-03;1.486161e-03;1.053159e-03;1.603134e-03;7.020567e-02;1.628496e-01;7.012739e-02;9.623605e-04;9.239219e-04;4.509937e-04;5.655317e-04;5.965598e-04;2.701072e-04;6.657201e-04
'test/1khz.wav';97;0.776000;2.013339e-03;2.994932e-03;4.136946e-03;6.987211e-03;1.173416e-02;2.313681e-02;6.342117e-02;5.950260e+00;1.368039e+01;5.950146e+00;6.375226e-02;2.349430e-02;1.243809e-02;7.605616e-03;5.254694e-03;3.679491e-03;2.915236e-03;2.136310e-03;1.898738e-03;1.404355e-03;1.421487e-03;1.139016e-03;1.591467e-03;7.008265e-02;1.628510e-01;7.024484e-02;1.292832e-03;5.559552e-04;7.528645e-04;2.771042e-04;6.711066e-04;1.767494e-04;6.521811e-04
'test/1khz.wav';98;0.784000;2.356273e-03;2.838953e-03;4.177879e-03;6.750346e-03;1.180737e-02;2.319282e-02;6.341843e-02;5.950405e+00;1.368039e+01;5.950002e+00;6.375639e-02;2.342457e-02;1.239676e-02;7.798548e-03;5.241904e-03;3.640448e-03;2.795479e-03;2.327582e-03;1.833527e-03;1.365065e-03;1.223756e-03;1.308999e-03;1.520468e-03;7.022755e-02;1.628497e-01;7.010210e-02;1.233255e-03;6.096674e-04;4.670884e-04;5.610581e-04;5.744485e-04;4.349167e-04;3.092468e-04
'test/1khz.wav';99;0.792000;2.257347e-03;2.790838e-03;4.270886e-03;6.888386e-03;1.179723e-02;2.309201e-02;6.344704e-02;5.950273e+00;1.368039e+01;5.950134e+00;6.372923e-02;2.352569e-02;1.239340e-02;7.653761e-03;5.188105e-03;3.742681e-03;2.826278e-03;2.212990e-03;1.788285e-03;1.491259e-03;1.296387e-03;1.220639e-03;1.501714e-03;7.009599e-02;1.628501e-01;7.023392e-02;1.168665e-03;6.880808e-04;5.424766e-04;4.728390e-04;4.343956e-04;4.140149e-04;4.081726e-04
'test/1khz.wav';100;0.800000;2.257347e-03;2.790838e-03;4.270886e-03;6.888386e-03;1.179723e-02;2.309201e-02;6.344704e-02;5.950273e+00;1.368039e+01;5.950134e+00;6.372923e-02;2.352569e-02;1.239340e-02;7.653761e-03;5.188105e-03;3.742681e-03;2.826278e-03;2.212990e-03;1.788285e-03;1.491259e-03;1.296387e-03;1.220639e-03;1.501714e-03;7.009599e-02;1.628501e-01;7.023392e-02;1.168665e-03;6.880808e-04;5.424766e-04;4.728390e-04;4.343956e-04;4.140149e-04;4.081726e-04
'test/1khz.wav';101;0.808000;2.434291e-03;2.624536e-03;4.250318e-03;7.134657e-03;1.167406e-02;2.335749e-02;6.321836e-02;5.950238e+00;1.368039e+01;5.950169e+00;6.395528e-02;2.325860e-02;1.251938e-02;7.392497e-03;5.333437e-03;3.790861e-03;2.773438e-03;2.325414e-03;1.511815e-03;1.740013e-03;1.183100e-03;1.466731e-03;1.407706e-03;7.005990e-02;1.628507e-01;7.026818e-02;1.461830e-03;5.149740e-04;6.269437e-04;4.318859e-04;3.782624e-04;6.337719e-04;2.312290e-04
'test/1khz.wav';102;0.816000;2.380794e-03;2.862744e-03;4.201887e-03;6.774901e-03;1.183092e-02;2.321348e-02;6.343383e-02;5.950396e+00;1.368039e+01;5.950011e+00;6.374077e-02;2.340336e-02;1.237257e-02;7.774424e-03;5.220474e-03;3.624641e-03;2.788335e-03;2.328455e-03;1.840954e-03;1.380681e-03;1.246582e-03;1.333501e-03;1.542956e-03;7.021930e-02;1.628498e-01;7.011054e-02;1.226996e-03;6.017446e-04;4.491865e-04;5.395204e-04;5.533592e-04;4.137031e-04;2.847255e-04
'test/1khz.wav';103;0.824000;2.570977e-03;2.742372e-03;4.246208e-03;6.997922e-03;1.149539e-02;2.330308e-02;6.332833e-02;5.950101e+00;1.368039e+01;5.950306e+00;6.384659e-02;2.332140e-02;1.270238e-02;7.510982e-03;5.267002e-03;3.646267e-03;2.739754e-03;2.435148e-03;1.647439e-03;1.729324e-03;1.024736e-03;1.337733e-03;1.437242e-03;6.992251e-02;1.628513e-01;7.040560e-02;1.313381e-03;4.415434e-04;7.711982e-04;5.870755e-04;3.883974e-04;6.021736e-04;9.454275e-05
'test/1khz.wav';104;0.832000;2.013339e-03;2.994932e-03;4.136946e-03;6.987211e-03;1.173416e-02;2.313681e-02;6.342117e-02;5.950260e+00;1.368039e+01;5.950146e+00;6.375226e-02;2.349430e-02;1.243809e-02;7.605616e-03;5.254694e-03;3.679491e-03;2.915236e-03;2.136310e-03;1.898738e-03;1.404355e-03;1.421487e-03;1.139016e-03;1.591467e-03;7.008265e-02;1.628510e-01;7.024484e-02;1.292832e-03;5.559552e-04;7.528645e-04;2.771042e-04;6.711066e-04;1.767494e-04;6.521811e-04
'test/1khz.wav';105;0.840000;2.405659e-03;2.939159e-03;4.107970e-03;6.968385e-03;1.178502e-02;2.296725e-02;6.361861e-02;5.950317e+00;1.368039e+01;5.950090e+00;6.356080e-02;2.364733e-02;1.238185e-02;7.667961e-03;5.421931e-03;3.338749e-03;2.781292e-03;2.785858e-03;1.517684e-03;1.285472e-03;1.540407e-03;1.167712e-03;1.606375e-03;7.014026e-02;1.628501e-01;7.019048e-02;9.559282e-04;8.320478e-04;8.150411e-04;3.019127e-04;5.143995e-04;7.973944e-04;2.598604e-04
'test/1khz.wav';106;0.848000;2.257347e-03;2.790838e-03;4.270886e-03;6.888386e-03;1.179723e-02;2.309201e-02;6.344704e-02;5.950273e+00;1.368039e+01;5.950134e+00;6.372923e-02;2.352569e-02;1.239340e-02;7.653761e-03;5.188105e-03;3.742681e-03;2.826278e-03;2.212990e-03;1.788285e-03;1.491259e-03;1.296387e-03;1.220639e-03;1.501714e-03;7.009599e-02;1.628501e-01;7.023392e-02;1.168665e-03;6.880808e-04;5.424766e-04;4.728390e-04;4.343956e-04;4.140149e-04;4.081726e-04
'test/1khz.wav';107;0.856000;2.257347e-03;2.790838e-03;4.270886e-03;6.888386e-03;1.179723e-02;2.309201e-02;6.344704e-02;5.950273e+00;1.368039e+01;5.950134e+00;6.372923e-02;2.352569e-02;1.239340e-02;7.653761e-03;5.188105e-03;3.742681e-03;2.826278e-03;2.212990e-03;1.788285e-03;1.491259e-03;1.296387e-03;1.220639e-03;1.501714e-03;7.009599e-02;1.628501e-01;7.023392e-02;1.168665e-03;6.880808e-04;5.424766e-04;4.728390e-04;4.343956e-04;4.140149e-04;4.081726e-04
'test/1khz.wav';108;0.864000;2.257347e-03;2.790838e-03;4.270886e-03;6.888386e-03;1.179723e-02;2.309201e-02;6.344704e-02;5.950273e+00;1.368039e+01;5.950134e+00;6.372923e-02;2.352569e-02;1.239340e-02;7.653761e-03;5.188105e-03;3.742681e-03;2.826278e-03;2.212990e-03;1.788285e-03;1.491259e-03;1.296387e-03;1.220639e-03;1.501714e-03;7.009599e-02;1.628501e-01;7.023392e-02;1.168665e-03;6.880808e-04;5.424766e-04;4.728390e-04;4.343956e-04;4.140149e-04;4.081726e-04
'test/1khz.wav';109;0.872000;2.159920e-03;3.011273e-03;4.254499e-03;6.706477e-03;1.189112e-02;2.303867e-02;6.337114e-02;5.950039e+00;1.368039e+01;5.950367e+00;6.380422e-02;2.359312e-02;1.229747e-02;7.804174e-03;5.238161e-03;3.485349e-03;2.859632e-03;2.406272e-03;1.698027e-03;1.526001e-03;1.384391e-03;1.044523e-03;1.458996e-03;6.986316e-02;1.628498e-01;7.046854e-02;1.260956e-03;6.500539e-04;4.909086e-04;7.310434e-04;3.989361e-04;3.568076e-04;5.055997e-04
'test/1khz.wav';110;0.880000;2.257347e-03;2.790838e-03;4.270886e-03;6.888386e-03;1.179723e-02;2.309201e-02;6.344704e-02;5.950273e+00;1.368039e+01;5.950134e+00;6.372923e-02;2.352569e-02;1.239340e-02;7.653761e-03;5.188105e-03;3.742681e-03;2.826278e-03;2.212990e-03;1.788285e-03;1.491259e-03;1.296387e-03;1.220639e-03;1.501714e-03;7.009599e-02;1.628501e-01;7.023392e-02;1.168665e-03;6.880808e-04;5.424766e-04;4.728390e-04;4.343956e-04;4.140149e-04;4.081726e-04
'test/1khz.wav';111;0.888000;2.310214e-03;2.689593e-03;4.246676e-03;7.081978e-03;1.187623e-02;2.295692e-02;6.340159e-02;5.950166e+00;1.368039e+01;5.950241e+00;6.377316e-02;2.366420e-02;1.233415e-02;7.453961e-03;5.158579e-03;3.843642e-03;2.809427e-03;2.158135e-03;1.920605e-03;1.662896e-03;1.251607e-03;1.067711e-03;1.508677e-03;6.998925e-02;1.628498e-01;7.034109e-02;1.251389e-03;7.762471e-04;3.847492e-04;3.960765e-04;5.717902e-04;4.960376e-04;3.553057e-04
'test/1khz.wav';112;0.896000;2.257347e-03;2.790838e-03;4.270886e-03;6.888386e-03;1.179723e-02;2.309201e-02;6.344704e-02;5.950273e+00;1.368039e+01;5.950134e+00;6.372923e-02;2.352569e-02;1.239340e-02;7.653761e-03;5.188105e-03;3.742681e-03;2.826278e-03;2.212990e-03;1.788285e-03;1.491259e-03;1.296387e-03;1.220639e-03;1.501714e-03;7.009599e-02;1.628501e-01;7.023392e-02;1.168665e-03;6.880808e-04;5.424766e-04;4.728390e-04;4.343956e-04;4.140149e-04;4.081726e-04
'test/1khz.wav';113;0.904000;2.228996e-03;2.775530e-03;4.276060e-03;6.908302e-03;1.182454e-02;2.311972e-02;6.346913e-02;5.950261e+00;1.368039e+01;5.950146e+00;6.370743e-02;2.349827e-02;1.236548e-02;7.630488e-03;5.173792e-03;3.739984e-03;2.835679e-03;2.232722e-03;1.814689e-03;1.519579e-03;1.321859e-03;1.239958e-03;1.515096e-03;7.008376e-02;1.628500e-01;7.024601e-02;1.141970e-03;6.613916e-04;5.261328e-04;4.716583e-04;4.481785e-04;4.385090e-04;4.365233e-04
'test/1khz.wav';114;0.912000;2.024321e-03;2.924024e-03;4.318753e-03;6.727005e-03;1.202188e-02;2.286431e-02;6.362880e-02;5.950373e+00;1.368039e+01;5.950034e+00;6.355008e-02;2.375104e-02;1.216398e-02;7.846296e-03;5.073969e-03;3.772866e-03;2.910851e-03;2.058456e-03;2.006888e-03;1.258566e-03;1.508805e-03;1.077136e-03;1.623161e-03;7.019749e-02;1.628496e-01;7.013590e-02;9.520837e-04;9.112494e-04;4.454444e-04;5.418838e-04;5.799824e-04;2.463797e-04;6.411987e-04
'test/1khz.wav';115;0.920000;2.257347e-03;2.790838e-03;4.270886e-03;6.888386e-03;1.179723e-02;2.309201e-02;6.344704e-02;5.950273e+00;1.368039e+01;5.950134e+00;6.372923e-02;2.352569e-02;1.239340e-02;7.653761e-03;5.188105e-03;3.742681e-03;2.826278e-03;2.212990e-03;1.788285e-03;1.491259e-03;1.296387e-03;1.220639e-03;1.501714e-03;7.009599e-02;1.628501e-01;7.023392e-02;1.168665e-03;6.880808e-04;5.424766e-04;4.728390e-04;4.343956e-04;4.140149e-04;4.081726e-04
'test/1khz.wav';116;0.928000;2.257347e-03;2.790838e-03;4.270886e-03;6.888386e-03;1.179723e-02;2.309201e-02;6.344704e-02;5.950273e+00;1.368039e+01;5.950134e+00;6.372923e-02;2.352569e-02;1.239340e-02;7.653761e-03;5.188105e-03;3.742681e-03;2.826278e-03;2.212990e-03;1.788285e-03;1.491259e-03;1.296387e-03;1.220639e-03;1.501714e-03;7.009599e-02;1.628501e-01;7.023392e-02;1.168665e-03;6.880808e-04;5.424766e-04;4.728390e-04;4.343956e-04;4.140149e-04;4.081726e-04
'test/1khz.wav';117;0.936000;2.313429e-03;2.834862e-03;4.262035e-03;6.806623e-03;1.169598e-02;2.305451e-02;6.349452e-02;5.950208e+00;1.368039e+01;5.950199e+00;6.368291e-02;2.356767e-02;1.249694e-02;7.724210e-03;5.169036e-03;3.678143e-03;2.808431e-03;2.270954e-03;1.855014e-03;1.482036e-03;1.203059e-03;1.137906e-03;1.519709e-03;7.003167e-02;1.628503e-01;7.029884e-02;1.101948e-03;6.791747e-04;6.107981e-04;5.718772e-04;4.969907e-04;4.009253e-04;3.520902e-04
'test/1khz.wav';118;0.944000;2.263980e-03;2.823466e-03;4.179160e-03;7.034189e-03;1.163779e-02;2.325095e-02;6.332605e-02;5.950204e+00;1.368039e+01;5.950202e+00;6.385967e-02;2.335593e-02;1.258796e-02;7.474615e-03;5.332708e-03;3.663220e-03;2.824115e-03;2.306605e-03;1.603993e-03;1.755564e-03;9.820199e-04;1.575197e-03;1.266319e-03;7.003322e-02;1.628494e-01;7.030655e-02;1.225608e-03;8.461793e-04;5.917328e-04;5.760170e-04;4.511215e-04;4.348290e-04;4.015392e-04
'test/1khz.wav';119;0.952000;2.242164e-03;2.672682e-03;4.539612e-03;6.481704e-03;1.224603e-02;2.266129e-02;6.377531e-02;5.950453e+00;1.368039e+01;5.949954e+00;6.340014e-02;2.395880e-02;1.193396e-02;8.083241e-03;4.871289e-03;3.921913e-03;2.831281e-03;2.055757e-03;2.103208e-03;1.126275e-03;1.737233e-03;8.581263e-04;1.827638e-03;7.027680e-02;1.628502e-01;7.005365e-02;8.935201e-04;1.060541e-03;4.794406e-04;7.841235e-04;4.755914e-04;4.962377e-04;4.233554e-04
'test/1khz.wav';120;0.960000;2.166538e-03;2.811267e-03;4.360255e-03;6.889730e-03;1.170977e-02;2.304296e-02;6.350398e-02;5.950187e+00;1.368039e+01;5.950219e+00;6.367128e-02;2.357149e-02;1.248284e-02;7.670392e-03;5.110032e-03;3.672859e-03;2.857274e-03;2.303805e-03;1.823556e-03;1.425256e-03;1.215655e-03;1.228034e-03;1.582688e-03;7.001025e-02;1.628499e-01;7.031927e-02;1.141661e-03;7.709471e-04;6.008699e-04;4.190271e-04;3.562930e-04;4.444847e-04;4.989818e-04
'test/1khz.wav';121;0.968000;2.079316e-03;2.941828e-03;4.242585e-03;6.762653e-03;1.196884e-02;2.305501e-02;6.330840e-02;5.950112e+00;1.368039e+01;5.950295e+00;6.386632e-02;2.357182e-02;1.221811e-02;7.756697e-03;5.280573e-03;3.565654e-03;2.889421e-03;2.344661e-03;1.623980e-03;1.510482e-03;1.458106e-03;1.095871e-03;1.427723e-03;6.993584e-02;1.628497e-01;7.039539e-02;1.337861e-03;6.512564e-04;4.596231e-04;6.505560e-04;3.860734e-04;3.558552e-04;5.862034e-04
'test/1khz.wav';122;0.976000;2.380794e-03;2.862744e-03;4.201887e-03;6.774901e-03;1.183092e-02;2.321348e-02;6.343383e-02;5.950396e+00;1.368039e+01;5.950011e+00;6.374077e-02;2.340336e-02;1.237257e-02;7.774424e-03;5.220474e-03;3.624641e-03;2.788335e-03;2.328455e-03;1.840954e-03;1.380681e-03;1.246582e-03;1.333501e-03;1.542956e-03;7.021930e-02;1.628498e-01;7.011054e-02;1.226996e-03;6.017446e-04;4.491865e-04;5.395204e-04;5.533592e-04;4.137031e-04;2.847255e-04
'test/1khz.wav';123;0.984000;2.257347e-03;2.790838e-03;4.270886e-03;6.888386e-03;1.179723e-02;2.309201e-02;6.344704e-02;5.950273e+00;1.368039e+01;5.950134e+00;6.372923e-02;2.352569e-02;1.239340e-02;7.653761e-03;5.188105e-03;3.742681e-03;2.826278e-03;2.212990e-03;1.788285e-03;1.491259e-03;1.296387e-03;1.220639e-03;1.501714e-03;7.009599e-02;1.628501e-01;7.023392e-02;1.168665e-03;6.880808e-04;5.424766e-04;4.728390e-04;4.343956e-04;4.140149e-04;4.081726e-04
'test/1khz.wav';124;0.992000;2.257347e-03;2.790838e-03;4.270886e-03;6.888386e-03;1.179723e-02;2.309201e-02;6.344704e-02;5.950273e+00;1.368039e+01;5.950134e+00;6.372923e-02;2.352569e-02;1.239340e-02;7.653761e-03;5.188105e-03;3.742681e-03;2.826278e-03;2.212990e-03;1.788285e-03;1.491259e-03;1.296387e-03;1.220639e-03;1.501714e-03;7.009599e-02;1.628501e-01;7.023392e-02;1.168665e-03;6.880808e-04;5.424766e-04;4.728390e-04;4.343956e-04;4.140149e-04;4.081726e-04
